customer_id,predict,predict_proba
1000055,1,0.9897923946205945
1000081,0,0.23238896593417116
1000301,0,0.3736589532557297
1000444,1,0.717019915331014
1000449,1,0.6968015293491647
1000535,0,0.0999484575025631
1000543,0,0.048141984125806114
1000824,0,0.14037087751102192
1000868,0,0.09663301036896536
1000941,0,0.21834156300744956
1000952,1,0.839068228140343
1000964,0,0.1441497178994673
1001019,1,0.9920031690175288
1001100,0,0.4845171477328482
1001147,1,0.8836506142105259
1001505,1,0.6057219093319436
1001514,1,0.7166863343693183
1001535,0,0.46004266896884355
1001587,0,0.0038497979239973993
1001590,1,0.9941480294517875
1001641,1,0.9622805771505939
1001657,1,0.9952508719826381
1001681,1,0.7443129096466028
1001698,1,0.5077715538935634
1001712,0,0.003279212321031568
1001759,0,0.04225699038910245
1002154,0,0.09267360747505764
1002212,0,0.02456869434071884
1002289,1,0.9043783662629684
1002355,0,0.0006104738018462707
1002433,1,0.9707322420462787
1002438,1,0.857069625918783
1002487,1,0.6232439074805531
1002547,1,0.9464882623903479
1002645,1,0.7446099753763081
1002777,1,0.7592892827460249
1002805,0,0.0027280953595084623
1002867,1,0.8963079025146575
1002884,0,0.3064750576780874
1002916,0,0.2159913353338858
1002932,1,0.6080122445745115
1002973,1,0.7089834328936688
1003004,1,0.8675438332868173
1003058,0,0.033827224112152575
1003109,1,0.6192185939182085
1003170,1,0.7408442316834767
1003197,0,0.04839257378670654
1003208,0,0.350216887439883
1003218,0,0.30384603659528686
1003284,0,0.05701992355543374
1003362,1,0.7283458342178701
1003408,0,0.005529688971976489
1003415,0,0.03280457419715241
1003464,0,0.19495674509925967
1003517,0,0.18175349151142914
1003537,0,0.04128958405683638
1003567,0,0.05505460137711374
1003568,0,0.23096882762628776
1003638,1,0.8086873382324735
1003645,1,0.9933438474500487
1003718,1,0.7650465204430877
1003791,0,0.0023812491675692057
1003890,1,0.9985228203772254
1003967,0,0.029053898991993232
1003978,0,0.0016230595759375132
1004052,0,0.13918396245022913
1004064,0,0.002308073046604344
1004068,0,0.1866065360383006
1004251,0,0.009067544446626118
1004340,0,0.4412336859154083
1004377,0,0.479579080509957
1004382,0,0.002412448327762944
1004428,1,0.9851587273368742
1004433,0,0.19586648121507835
1004544,0,0.05314589025029559
1004589,0,0.3454283290422893
1004627,0,0.07081667730935556
1004646,0,0.38424292691091855
1004669,0,0.08942001184530232
1004671,0,0.24587729621885898
1004790,0,0.24171685804604628
1004801,0,0.46233744962753653
1004856,1,0.668640009501648
1004916,0,0.14572990400991329
1004952,1,0.7709445799153919
1005311,1,0.5815607664506894
1005363,1,0.9345103617333319
1005417,1,0.9911438711845462
1005423,0,0.10990239427539632
1005428,0,0.06133163711952811
1005542,0,0.058648646985043906
1005561,1,0.9717388685921718
1005667,1,0.6583064053803487
1005696,0,0.27720473578673327
1005831,1,0.9770785955121467
1005890,1,0.9720805079683107
1006019,0,0.4458215725196719
1006093,0,0.204534427245085
1006158,0,0.12805945207483013
1006203,0,0.41520014321254517
1006205,1,0.7136149731258373
1006291,0,0.008248440000550689
1006309,0,0.032875365082799576
1006362,1,0.5805222129338949
1006392,1,0.6392469829989327
1006487,1,0.9868596744538233
1006636,0,0.03219764003481469
1006639,0,0.05703717148555116
1006767,1,0.6131850019111071
1006825,1,0.6018406483812319
1006850,0,0.020299707569381625
1006977,1,0.7774778184184622
1006982,0,0.26739480603734217
1007107,0,0.010339456865245537
1007140,1,0.9830502684146859
1007220,1,0.9826127335212088
1007474,1,0.9705610682500233
1007526,0,0.2747302096604871
1007532,1,0.9913931770438179
1007554,0,0.02843992395905483
1007558,0,0.008551830437821184
1007704,0,0.005653152432389193
1007726,1,0.8277109006338523
1007758,0,0.1561162503042337
1007788,0,0.08718142825624255
1007817,1,0.8500203668051329
1007897,1,0.5595282416996236
1007924,0,0.018453813075951047
1007992,1,0.5219385056166166
1008137,0,0.08870809393267502
1008143,0,0.03725972281289257
1008205,0,0.08465857918878189
1008227,1,0.8764118488145196
1008366,0,0.14654199483448296
1008409,1,0.6828367993427334
1008471,0,0.029390482887671817
1008499,0,0.2634034423582619
1008602,1,0.8935144632622869
1008603,0,0.289275194793156
1008698,0,0.06843888022298951
1008762,1,0.9468484265427286
1008853,0,0.018116874919077923
1008875,0,0.02569061091685369
1008930,1,0.9869397679626167
1009000,0,0.4115351610646023
1009101,0,0.027888019944028383
1009117,1,0.8909566850481999
1009178,1,0.536055119605023
1009195,1,0.9888934545051089
1009243,0,0.053885157910790585
1009339,1,0.9626092764688551
1009460,0,0.37415092369359476
1009503,0,0.26492719091209904
1009532,1,0.6517767007549524
1009608,1,0.8589881169343236
1009647,0,0.20308981990080865
1009706,1,0.5578810062466629
1009720,1,0.7836614665338859
1009761,0,0.3037754452865271
1009784,0,0.3097298290872797
1009817,0,0.1567520864826027
1009822,0,0.0011757784692598993
1009830,1,0.6857555980356926
1009855,0,0.0010483476928219975
1009891,1,0.9040998682297736
1009965,0,0.0681921439456368
1010035,1,0.7596629248810005
1010151,0,0.44389260078995496
1010324,0,0.11546057720986845
1010387,1,0.9575115310338409
1010478,0,0.04699436571910461
1010567,1,0.6181597434722675
1010659,1,0.6860942452139601
1010667,1,0.9971454791433703
1010783,0,0.020659377243533023
1010828,0,0.13378694187294501
1010873,0,0.17744322310072866
1010880,0,0.3123755238946501
1010972,0,0.4594686995022671
1010992,1,0.639128087017205
1011008,0,0.3038204351156849
1011100,1,0.999514977188132
1011123,1,0.9139360958104585
1011126,1,0.8645335532566667
1011191,1,0.8934916592960003
1011244,1,0.5002827546966025
1011249,0,0.03758250535834655
1011287,1,0.7886444161479977
1011324,1,0.6163971828790421
1011353,1,0.8520425201590306
1011417,0,0.1678839783615376
1011423,0,0.41076950917334437
1011609,0,0.13574532256780433
1011745,1,0.9197244226083848
1011813,0,0.45145562104410236
1011882,0,0.060735147359532914
1011935,0,0.0939835799056055
1011947,0,0.04755160104654531
1011998,0,0.33516662981836226
1012005,0,0.01572544348221697
1012037,1,0.9703855783466523
1012046,0,0.17920127339023528
1012116,1,0.9717591644754351
1012134,1,0.9662577880325097
1012174,0,0.43493203607848047
1012182,0,0.20254045019854702
1012247,0,0.0022022769410588393
1012261,1,0.6436838140766511
1012346,0,0.14134169243798922
1012373,0,0.2982718360517864
1012384,0,0.15117418699624188
1012486,1,0.9528573472958619
1012507,0,0.38618179535240843
1012512,0,0.35147551426725726
1012565,0,0.1624773116244236
1012671,0,0.2050641228409601
1012697,0,0.25658886317767515
1012789,0,0.4266239407795009
1012791,0,0.12134319415771354
1012823,1,0.6148466993432031
1012835,1,0.9149233077228855
1012847,1,0.8057998745204539
1012895,0,0.2832586605830231
1012982,0,0.11669422245831983
1013041,0,0.42338293133903343
1013133,0,0.05898904996100902
1013245,0,0.05169389829613231
1013284,1,0.9502887124310909
1013311,1,0.8821933116519024
1013323,1,0.7665676982235745
1013359,1,0.9856829936758466
1013402,1,0.977738138142027
1013417,1,0.7287016322212412
1013589,0,0.17558864058451076
1013609,0,0.09476336646051853
1013610,1,0.9809738467354828
1013620,0,0.008755371162222475
1013682,0,0.41911300059530293
1013726,0,0.20183817069095492
1013783,0,0.03737540070646258
1013902,0,0.07545649675511187
1013947,1,0.9521761162155985
1013974,0,0.48511238153477926
1014005,0,0.00926254723742451
1014030,0,0.12752562852486352
1014056,0,0.004963296196532673
1014079,0,0.05155598866582535
1014104,0,0.09762638907910728
1014184,0,0.018670547217290785
1014222,0,0.06741078305163824
1014357,0,0.023708494352625713
1014487,0,0.19532298715921798
1014504,0,0.4550908877687009
1014508,1,0.9016253981669153
1014519,1,0.9278248015712652
1014683,1,0.6622649759892212
1014694,1,0.9367061387257222
1014708,0,0.47436128758495294
1014712,1,0.5197807960705039
1014771,0,0.03096950364587328
1014847,0,0.3889537268337913
1015057,0,0.04798629871839923
1015134,0,0.1847879373949149
1015279,1,0.9979961198384332
1015305,0,0.005591237487441227
1015308,0,0.02003478859227169
1015324,0,0.021980811141575598
1015559,1,0.6078410686273392
1015567,1,0.6918380953487202
1015570,0,0.19930648940491824
1015574,1,0.9753870247547928
1015611,0,0.02377427183962319
1015695,1,0.9027253943026771
1015762,0,0.31722512614564896
1015828,0,0.05571257055244599
1015911,0,0.030672776870080496
1015924,1,0.826957398760133
1015949,1,0.6642198534146463
1015968,1,0.8020183632157496
1016016,0,0.24882099894883608
1016033,1,0.932953072514884
1016042,1,0.9738212505367058
1016184,0,0.36504026490295255
1016231,1,0.6365685990639627
1016266,0,0.0204429655000101
1016272,0,0.2948941532511752
1016280,0,0.2142533357878414
1016352,1,0.8673376328789093
1016526,0,0.005970872612807279
1016604,0,0.126556877141927
1016613,0,0.02083304931500236
1016702,1,0.7052571111583478
1016763,1,0.942209404482489
1016822,1,0.7055247331755236
1016840,0,0.038497098583695044
1016854,0,0.44767322997083264
1016877,0,0.25424733012272205
1016880,1,0.8574965095373974
1017143,0,0.20500324037124537
1017148,0,0.0029798748121779347
1017280,0,0.35751590407224704
1017397,0,0.022124976333054085
1017400,0,0.3961888955990208
1017427,0,0.27736379512145115
1017444,1,0.5823319623805572
1017466,0,0.1882597349683938
1017560,0,0.017536888394321944
1017566,1,0.9390206985384376
1017591,0,0.09040229166144564
1017611,1,0.9069906954191964
1017671,0,0.46887886377898447
1017718,1,0.9874104246016796
1017734,0,0.1264439102900907
1017844,0,0.05197455942123927
1017876,0,0.49756436842933044
1017977,1,0.989095222185765
1018054,0,0.045695601540628815
1018124,0,0.015278341369399736
1018125,1,0.7206457797785799
1018223,1,0.9293062631208319
1018237,1,0.9123367731660438
1018311,0,0.4996530730291889
1018337,0,0.013115479397154428
1018496,0,0.2681490325844811
1018643,1,0.9940006332931478
1018797,1,0.6188599228905134
1018809,0,0.06063463941756965
1018884,0,0.4659731887495106
1018886,1,0.9678179967970837
1018923,1,0.8892976051447692
1018966,1,0.9242774478181761
1018972,0,0.26784495992891966
1019125,0,0.007537139739925089
1019211,0,0.09863601113504092
1019240,0,0.20983655511725913
1019253,0,0.03268874486585782
1019415,0,0.27564773183028246
1019416,0,0.39431234646925806
1019439,1,0.6845553910978286
1019443,1,0.6052442998921482
1019463,0,0.08568195435608016
1019608,0,0.23914341461981295
1019658,0,0.08572622373358399
1019661,0,0.3454543885140713
1019763,0,0.10944785903087272
1019788,1,0.7284080358628963
1019808,0,0.23953193690771996
1019835,0,0.22610748497790772
1019853,1,0.9849079265913738
1020003,0,0.1326187931852004
1020034,1,0.8636967606137446
1020046,0,0.16040003864403937
1020282,0,0.0695790364570989
1020307,0,0.11355015482066981
1020314,1,0.9180718168964799
1020492,1,0.9209629554101333
1020524,0,0.07414700907627127
1020646,0,0.20781684806063264
1020674,0,0.3641358382663698
1020679,0,0.47194709437430665
1020703,0,0.3542757236309303
1020724,0,0.3659649816369147
1020738,1,0.9382204231516098
1020796,1,0.7416252669966331
1020851,1,0.9921464773546984
1021030,0,0.484484163699967
1021055,0,0.02916736559128639
1021079,0,0.14906497991033876
1021113,0,0.43847554988373355
1021167,0,0.06645235592690574
1021211,0,0.20796907150833097
1021308,1,0.9888806368884236
1021336,0,0.05453756199977413
1021357,0,0.034676310903204284
1021385,0,0.19795063230886592
1021463,0,0.3887133840536446
1021486,1,0.9957306565647047
1021493,0,0.15476401890925845
1021502,0,0.11611269438531947
1021538,1,0.9450982777226149
1021806,0,0.3643097269779368
1021891,1,0.801863699283456
1021915,1,0.9194967745281103
1021968,0,0.0026072822267918573
1022010,0,0.020601738963327926
1022025,0,0.25985600917908386
1022069,1,0.5775172900435898
1022093,0,0.16647318185383508
1022250,1,0.5723370708617636
1022394,0,0.09569616897551624
1022406,0,0.0019520666438280958
1022448,1,0.5463225677325382
1022486,1,0.509727248193992
1022704,0,0.28675911081744454
1022749,0,0.07240733118876982
1022825,0,0.29299330009567504
1022843,0,0.05388154616923239
1022877,1,0.519335220055531
1023048,0,0.012452491217365363
1023134,0,0.0024571589323970564
1023177,1,0.6154732142731524
1023193,0,0.01615576100350705
1023316,1,0.8174113309286308
1023452,0,0.002158087563478876
1023474,1,0.9540279675241318
1023490,0,0.02504640367499952
1023578,1,0.8294528704983445
1023598,1,0.6059901090684243
1023624,0,0.42723047160479144
1023890,1,0.9090614433437956
1023896,0,0.317700056838357
1023960,1,0.8234355745167745
1024114,0,0.03368221263159489
1024115,0,0.27041051399180716
1024123,0,0.18437439079188733
1024140,1,0.984211620258773
1024142,1,0.7146321213269659
1024188,0,0.4808688689985186
1024225,1,0.9980168781647475
1024230,0,0.017117191975915415
1024239,0,0.008996499610593027
1024256,0,0.06237376337088017
1024283,0,0.3111687467455082
1024286,0,0.1934990041268429
1024292,0,0.12151468333820381
1024358,1,0.8941347090310569
1024483,0,0.4085158372544587
1024552,1,0.8806749817200443
1024564,0,0.10262971412797665
1024567,1,0.7218912435239143
1024577,1,0.7176213225577347
1024710,0,0.22108665842316938
1024734,0,0.2995081256515554
1024792,1,0.9484119047839245
1024857,0,0.11365079232697421
1024919,0,0.03569038053096798
1024997,0,0.09872545889865052
1025010,0,0.1169652598563152
1025045,0,0.19969151933575496
1025076,0,0.05391169567228623
1025105,1,0.6660687211078061
1025134,1,0.5993142648984123
1025140,1,0.9934541397646874
1025175,0,0.08779866867173186
1025274,0,0.29113868001473
1025291,0,0.3624335840834163
1025298,0,0.3102598856762287
1025317,0,0.49490900491453044
1025329,1,0.5745436081364701
1025343,1,0.9996671673602391
1025401,0,0.321217157872159
1025429,0,0.11262304176236279
1025555,0,0.0350656541162574
1025556,0,0.3196739485878237
1025759,0,0.10743892891884495
1025772,0,0.25860652207868656
1025787,0,0.2671091872995181
1025879,0,0.19553592974614678
1025887,1,0.7905964110060723
1025891,0,0.35375675343648777
1025974,0,0.16714349976364348
1026020,1,0.9986348076106875
1026120,0,0.39937255900378615
1026202,0,0.008432273033712316
1026217,1,0.9607404400820435
1026334,1,0.671752668192765
1026340,0,0.08798314904906265
1026383,0,0.04961822029405964
1026458,1,0.7671121212997807
1026527,0,0.22597273113860364
1026571,0,0.4220634001468249
1026595,0,0.015572090658865152
1026614,0,0.4920119884036706
1026652,1,0.5663316553514621
1026713,0,0.009212520364886892
1026812,0,0.40975690295582734
1026855,0,0.24598211306541176
1026902,1,0.5615971950117576
1026941,0,0.45512365748781003
1027060,1,0.6357771892693617
1027122,0,0.026358064789563356
1027153,0,0.10744650722102414
1027159,0,0.1098206777584999
1027387,1,0.8913922118816936
1027581,0,0.08355483864276339
1027604,0,0.053036366645736514
1027723,0,0.22032223522541122
1027792,0,0.06490191603437268
1027928,0,0.20771303529158652
1027958,0,0.1202103636950807
1027961,0,0.41238380840446154
1028051,1,0.9222972562492439
1028143,1,0.755885688092975
1028344,1,0.6968197450822248
1028354,0,0.34819193086202005
1028369,1,0.6560133249808366
1028387,0,0.08804291147844283
1028455,1,0.7701556622678037
1028579,0,0.48374452237183807
1028595,1,0.8141724877504681
1028648,0,0.22679612051075482
1028659,1,0.9995949789480665
1028729,0,0.09959276554038553
1029026,0,0.4883864182158527
1029050,1,0.8255907403723665
1029127,0,0.38165045013336657
1029146,0,0.19351667532941147
1029165,1,0.8322864445289533
1029225,0,0.4782937379942477
1029243,0,0.033045499689796934
1029249,1,0.9899084244569244
1029284,1,0.5069055072225056
1029297,0,0.2701781110682084
1029315,0,0.0080476853838608
1029472,1,0.5588582765590618
1029725,0,0.33482247247891656
1029726,0,0.03772991554987831
1029748,0,0.31289940528800647
1029940,1,0.5814860058162471
1030025,1,0.9458272681759173
1030058,1,0.6247254395421261
1030124,0,0.4307768720754001
1030134,1,0.8608767280995494
1030135,0,0.0635558806826275
1030198,0,0.29257081390826695
1030215,1,0.5044222391522154
1030229,1,0.9772463655860394
1030320,0,0.08530546678311991
1030487,0,0.1258794678387338
1030505,1,0.6769755283800661
1030621,0,0.15282174976020038
1030638,0,0.07430167239615779
1030649,1,0.8858767254801241
1030668,1,0.8965662800889227
1030689,0,0.4636040897630873
1030692,1,0.8056638348717627
1030784,0,0.28612717848673924
1030816,0,0.06467698029235339
1030832,1,0.9975630448687826
1030915,0,0.24366657889906507
1030951,1,0.943433949809222
1030974,1,0.7686654864743514
1031063,1,0.6358503492878818
1031106,1,0.7642684207827006
1031147,1,0.709144514468924
1031262,1,0.536638707961413
1031422,0,0.3191596498789301
1031602,0,0.20471853858291839
1031860,0,0.16499089046246837
1031924,1,0.5129471045745356
1031942,0,0.3133177249476696
1031973,0,0.18014553383942963
1031984,0,0.16491067622225047
1032113,0,0.47963478565909157
1032262,0,0.46817578040972085
1032308,0,0.030611648703607403
1032335,1,0.6213193224499876
1032340,0,0.10886957860053453
1032367,1,0.7062744127848076
1032374,0,0.0969215764972323
1032375,1,0.9486724363813005
1032410,0,0.005966733951422859
1032663,0,0.2862411635967659
1032709,0,0.46632307048894983
1032749,0,0.11932510953747323
1032829,1,0.5506890573260458
1032845,0,0.06041896141518802
1032884,0,0.10648973816752318
1032999,1,0.9844488735774098
1033112,0,0.4385696142922931
1033115,0,0.15888920357393363
1033214,0,0.4122112124868337
1033226,0,0.3269076661858182
1033251,0,0.039912836386833184
1033269,0,0.07474540999184046
1033473,0,0.2309407380037041
1033497,1,0.9860695420477527
1033565,0,0.009422141430624186
1033631,0,0.30380663645620737
1033649,1,0.957897574444719
1033708,1,0.9440489582364939
1033712,0,0.3228020377073317
1033760,0,0.152065525430497
1033792,0,0.03976725620231883
1033856,1,0.9836051511168361
1033890,1,0.5700699362219287
1033903,0,0.0969212865782133
1033933,1,0.6156462410363381
1033945,0,0.3278166685162389
1033979,1,0.9236786674848728
1033998,0,0.2598052853660621
1034036,1,0.6169735330957813
1034165,1,0.8697945615705673
1034366,0,0.3635803998798919
1034407,1,0.9581399397228785
1034427,0,0.20489963933807653
1034495,1,0.6829699424346007
1034631,1,0.5037398648104024
1034676,1,0.9982020663400234
1034925,1,0.8279621529898752
1035256,1,0.9750046147272695
1035258,0,0.31174880132958616
1035306,0,0.014905617360630606
1035309,1,0.7041591946557199
1035356,0,0.013084505789730064
1035586,0,0.2431349011252664
1035588,0,0.03593408275055417
1035651,1,0.6185516182043
1035908,1,0.7714910014264441
1035921,1,0.7356302327029207
1036089,0,0.04841339952046831
1036165,0,0.04112287726255141
1036193,1,0.8459641471788055
1036244,1,0.5123231049038933
1036269,0,0.022170186373041946
1036283,0,0.08567379803762723
1036305,1,0.8229791296984903
1036319,0,0.07593516456716547
1036330,1,0.5140134542440192
1036364,0,0.10114595258369907
1036367,0,0.0031921841899160653
1036375,0,0.1617693247620469
1036425,0,0.3233484829477759
1036496,0,0.43269260758254974
1036527,0,0.3426347641980526
1036612,1,0.5991254278276
1036637,0,0.017096638711842447
1036642,1,0.5783669780171946
1036818,0,0.2332424745730234
1036832,0,0.35507869738088926
1036866,1,0.9006599508746347
1036868,1,0.9741484969660025
1036959,1,0.5649419211234262
1036975,0,0.06913350111671213
1036996,0,0.17242830055892805
1037101,1,0.9759847614260604
1037129,1,0.7381227408621049
1037142,1,0.7479751204147074
1037197,1,0.7571006696007716
1037279,1,0.7560406332686923
1037309,1,0.8689774145009806
1037347,0,0.2819189268416545
1037355,1,0.9862049765597238
1037458,0,0.2981074183702681
1037516,1,0.7202053948077525
1037525,1,0.9922447164778581
1037586,1,0.5303067000703382
1037644,0,0.17520310475451825
1037647,0,0.4736202047395729
1037692,0,0.0901199468750429
1037725,0,0.3406728801092003
1037787,0,0.4821695818386396
1037844,1,0.7796951971414616
1037868,1,0.5683099821728678
1037871,1,0.9559902883645149
1037960,0,0.13497933980081683
1037989,1,0.9405315918511927
1038232,0,0.028399303661245767
1038326,0,0.11663101996086456
1038478,0,0.2952339888950189
1038480,0,0.31565157619499407
1038498,1,0.5726239491039146
1038593,1,0.9656738890038987
1038632,1,0.999443765106966
1038637,1,0.9534608404362785
1038707,0,0.3119633152660432
1038735,1,0.7916954026355676
1038827,1,0.9627429793261325
1038979,0,0.48088458678616586
1038997,1,0.9888826048510413
1039110,1,0.9804075528396999
1039195,0,0.14418498564435703
1039418,1,0.9781908722377514
1039425,0,0.020913996875200045
1039465,1,0.8933219414623442
1039513,0,0.05733008672770534
1039533,1,0.9837226881343581
1039540,0,0.07174288425608696
1039649,1,0.697548964956003
1039677,1,0.9889063054025653
1039685,0,0.030913783800759365
1039703,1,0.9096318089215903
1039716,0,0.17442080979390193
1039782,0,0.3726839546899163
1039817,1,0.9788443635465797
1039822,1,0.8693760622155888
1039878,0,0.12286629216910859
1040035,1,0.6829390372502838
1040173,1,0.7528788968818296
1040343,0,0.3860981422337006
1040373,1,0.6127250850379854
1040400,1,0.9351823795118901
1040410,0,0.05254485028266697
1040516,1,0.9163803213649095
1040559,0,0.2621170795221123
1040598,0,0.024355511189176178
1040700,0,0.08663714015749409
1040788,1,0.8448134161241484
1040797,0,0.061896058634745656
1040852,0,0.06414320032474356
1040901,0,0.11456218574961971
1040905,1,0.6748081898206274
1041104,1,0.6758342831586982
1041179,0,0.3911422663763084
1041181,0,0.055539065915668075
1041228,1,0.7349734856469622
1041332,0,0.020150832785086403
1041376,0,0.053386696527516764
1041389,1,0.8229367958218904
1041403,0,0.33142565031976834
1041487,0,0.09774078662431845
1041606,1,0.9507354326163391
1041866,1,0.9654069715698615
1042009,0,0.22556159731039352
1042059,1,0.9984464478505204
1042096,0,0.051182813878864364
1042144,1,0.9577711702739887
1042154,1,0.5094326383148228
1042231,1,0.9658567437797491
1042291,0,0.25254279354543985
1042320,0,0.16067206979146223
1042613,0,0.06233442098339038
1042644,1,0.5465663474114864
1042816,0,0.05287903420419147
1042865,1,0.6700185670404688
1042870,1,0.8884475628433185
1042901,1,0.984420496817244
1042925,1,0.8408881597866139
1042976,0,0.02981991452918248
1043009,1,0.9135274527538504
1043115,1,0.6730770992921057
1043117,0,0.050979245924948444
1043119,1,0.828019441036896
1043174,1,0.7227402128934396
1043202,1,0.9131749953743339
1043294,0,0.14393362474746177
1043305,0,0.23090785690596233
1043349,1,0.6800765263580715
1043359,1,0.9647053951851079
1043523,1,0.8933015862600264
1043526,0,0.257863482036604
1043528,0,0.2974827323400418
1043565,1,0.7851262412031559
1043641,0,0.38507881202143845
1043665,0,0.02195784726552094
1043732,1,0.841097169176494
1043761,1,0.6481027344387394
1043877,1,0.9619871687379034
1043998,1,0.9135792750092415
1044015,0,0.006413442433243415
1044017,0,0.33259788915221555
1044138,0,0.477428999119033
1044161,0,0.3451978207756712
1044248,1,0.6809969934882898
1044265,0,0.41477054757138393
1044403,1,0.999779928706421
1044609,1,0.925683459336945
1044615,0,0.40622929868218177
1044772,0,0.39378154079417005
1044790,0,0.18655660942545407
1044802,1,0.9350773069642458
1044840,1,0.990887100859719
1044870,1,0.62098797575677
1044973,1,0.8278859856995189
1045174,1,0.7895381910419801
1045204,1,0.6676382986469481
1045226,0,0.38222251607106283
1045297,0,0.012444390521328088
1045395,1,0.8439624134407484
1045431,0,0.39638152852228176
1045457,0,0.3250231867599813
1045576,0,0.23278824988675373
1045580,0,0.1192406877625973
1045779,0,0.10785901650076202
1045835,1,0.5852631728664555
1045857,0,0.32132948775467896
1045870,0,0.04109270976357368
1045871,1,0.9149352692168536
1045912,1,0.6106659610749797
1045915,0,0.31550981053332694
1046090,0,0.29402718045524723
1046200,1,0.5068035655549928
1046205,0,0.024709424679352172
1046277,0,0.4212480077516085
1046446,0,0.009550588626049435
1046451,1,0.8656792750391056
1046600,0,0.0035280439335649296
1046677,1,0.8018508410610874
1046683,1,0.9248062689917362
1046694,1,0.7399835677393709
1046749,0,0.37060992744731747
1046983,0,0.12004267618789324
1047014,0,0.019629121079241967
1047081,1,0.9048399694282905
1047145,0,0.28490934741578916
1047380,1,0.9937700082890727
1047437,1,0.7928823490035414
1047518,0,0.2567382370211579
1047621,0,0.22166480081052403
1047669,1,0.9291214133525056
1047692,0,0.09351753761039763
1047705,0,0.07198273646585988
1047720,0,0.3093250056391436
1047733,0,0.09283435732772059
1047803,0,0.4550325260211248
1047858,0,0.41627232403602094
1047866,0,0.3516746185008389
1047870,1,0.7806189502871946
1047992,1,0.5235915944858743
1048003,1,0.5202074308888565
1048015,0,0.029133074252921273
1048030,0,0.25464409008432676
1048055,0,0.40521160226385217
1048090,0,0.18737035596147533
1048223,1,0.8965133802069736
1048237,1,0.9003670461533607
1048528,0,0.0290762858094806
1048670,0,0.3726983389620699
1048812,0,0.032046722401492415
1049027,0,0.09241717067448083
1049029,0,0.36070354421326106
1049135,0,0.001627802602421341
1049136,1,0.8743732242961264
1049143,1,0.8465299032049107
1049171,0,0.08766583016655027
1049224,0,0.27195083690291455
1049257,1,0.8498654808908174
1049295,1,0.5581835638294849
1049437,1,0.9993966128999742
1049458,1,0.8962232635625359
1049569,0,0.280422322671326
1049574,1,0.9422786346745677
1049591,0,0.1151379279384747
1049655,0,0.06601226037265305
1049762,1,0.8430894306366844
1049854,0,0.10377514513497642
1049874,1,0.6647362482248342
1050021,0,0.1826383677979499
1050084,0,0.08489977301276751
1050117,0,0.2961477295580223
1050151,1,0.9511834879889449
1050175,0,0.18910326647630252
1050204,1,0.7544420058640893
1050290,0,0.20633181584088112
1050312,1,0.6066351278500589
1050321,0,0.007762214956996036
1050406,0,0.043941028263547226
1050432,1,0.9810375047635481
1050434,1,0.7892235876076067
1050445,0,0.13472729624593188
1050529,0,0.37081626052138145
1050613,1,0.9565723561256904
1050619,0,0.2960052482536098
1050688,0,0.2523688763829385
1050835,0,0.2608852034649905
1050906,0,0.021775157447877107
1050933,0,0.22986467816494455
1050936,0,0.1862743566166557
1051063,0,0.14451530859879877
1051157,0,0.34556865697094435
1051217,0,0.24069560150984598
1051299,1,0.7334055214072359
1051305,1,0.9975335958306103
1051394,1,0.5476012525904967
1051531,0,0.01052098215450261
1051543,1,0.9991158173808243
1051686,1,0.6603826303227598
1051736,1,0.8419138435685507
1051751,0,0.19031268134113907
1051800,1,0.7363905689740368
1051952,1,0.5472749394682176
1051954,0,0.010893356657294125
1052046,1,0.9942524067902276
1052073,1,0.9905901318838756
1052088,1,0.9428731868969418
1052160,0,0.2601112039358861
1052170,0,0.2664219322109971
1052276,1,0.9836935513908817
1052399,1,0.9618384681854764
1052584,1,0.5599850684542992
1052695,1,0.5984853247945997
1052762,1,0.6548273748863427
1052847,0,0.020367628029442423
1052904,1,0.987835092514288
1052984,1,0.9983016762002538
1053039,0,0.3792954372064302
1053068,1,0.9614288523387629
1053141,1,0.6315278041353997
1053266,0,0.3533594502717697
1053269,0,0.04014584071478171
1053341,1,0.8016231173899976
1053473,1,0.9100948974384058
1053507,1,0.974843929804428
1053520,0,0.07326954173952699
1053666,0,0.1451780020926614
1053817,1,0.967917993196582
1053846,1,0.9902467130988746
1054166,1,0.8587086515877296
1054180,0,0.0707383539354423
1054315,1,0.8927162230718056
1054401,1,0.9240401533326912
1054444,0,0.0577789846128748
1054479,1,0.9998284576897609
1054538,1,0.7875074247806791
1054605,1,0.7050157515245273
1054629,0,0.332868148601384
1054678,0,0.42958715858277885
1054760,1,0.7592241477498858
1054807,1,0.9447736969303343
1054877,0,0.09771132972500836
1054923,1,0.7026058894353597
1054948,1,0.8968394383227075
1055020,0,0.27980698618080635
1055052,0,0.2127762542017946
1055131,0,0.06897253130034504
1055191,1,0.9045315550227191
1055305,0,0.03728125450007217
1055335,1,0.9482501902007683
1055362,1,0.9947364876790358
1055363,1,0.5818725939023811
1055371,0,0.32574754311087967
1055385,0,0.4792655846498744
1055452,1,0.8123429731584422
1055487,1,0.9650073804118068
1055555,0,0.4930185566377559
1055794,0,0.24143641989565037
1055865,1,0.8003059833544894
1055866,1,0.998528317378816
1055920,1,0.9947604405298865
1056039,1,0.725509511267406
1056046,0,0.49639421016279994
1056122,0,0.2768499481761561
1056143,1,0.5897736148442881
1056287,1,0.685344979456891
1056370,1,0.5593791293802146
1056387,1,0.9489236032296919
1056529,0,0.151161167905892
1056736,0,0.1879582154201252
1056847,1,0.7376188343410157
1056890,1,0.8704940335087878
1056903,0,0.07374269424465957
1057043,1,0.7572422898859928
1057137,0,0.11916735720985237
1057161,1,0.500221614411196
1057223,0,0.4537927132434337
1057227,1,0.6771791996548492
1057269,1,0.5771310581895663
1057296,1,0.6037106585268885
1057385,0,0.19764040213669434
1057427,1,0.7264341079248695
1057457,0,0.26266128038919534
1057563,0,0.3895405967582304
1057740,1,0.9877197201648651
1057744,1,0.9477464867410856
1057832,1,0.9559049620979035
1057850,0,0.11021936249235087
1057864,0,0.04171047945640187
1058013,1,0.8780239370459095
1058060,0,0.04489022016018183
1058116,0,0.004903157297607653
1058118,1,0.7243340776088966
1058188,0,0.3346878095484168
1058348,1,0.5236249928404324
1058427,1,0.7058871960794199
1058584,1,0.9703446363230276
1058587,1,0.8823905583199046
1058599,1,0.8462477848206423
1058600,0,0.33804711995310766
1058694,1,0.535990930279535
1058743,1,0.7600697673124952
1058745,0,0.27231610352497404
1058749,1,0.7849841359730207
1058781,0,0.10049995944392216
1058793,0,0.19861980774890234
1058987,1,0.8326102921705189
1059011,0,0.01806586669246385
1059169,1,0.9655866535292911
1059255,0,0.2020714533209064
1059295,1,0.8293571728055686
1059342,1,0.979780561419978
1059363,1,0.7870323695106691
1059373,1,0.9568991314358635
1059456,1,0.8453203598244284
1059461,0,0.26197764228260445
1059539,1,0.933626316240705
1059559,1,0.9443447775826327
1059594,1,0.9932341212455359
1059671,1,0.9953255137040574
1059763,1,0.9842737582199358
1059900,0,0.12626591471783002
1059962,1,0.5516020028432093
1060021,0,0.08763639381954227
1060137,1,0.9724285963208408
1060189,1,0.588354560167019
1060263,0,0.4190943375303778
1060282,1,0.9855309941347199
1060362,1,0.9909569961543964
1060383,0,0.1956046312226283
1060437,0,0.44692920630614275
1060547,0,0.1340219190767434
1060592,0,0.4023159006871968
1060609,0,0.16923691974569577
1060620,0,0.00969153732015436
1060850,0,0.22724385678573883
1060864,0,0.21847857761248862
1060872,1,0.678720921382767
1060880,1,0.7746882255720092
1060956,0,0.42719576852996527
1060979,0,0.38862882898282664
1061057,0,0.44075967782478476
1061144,1,0.8789772776795824
1061148,1,0.7566829854434142
1061168,1,0.9773797921735794
1061172,0,0.2167654896227947
1061178,0,0.1217384811505482
1061187,1,0.7929440732545128
1061212,1,0.645167945291838
1061259,0,0.052024265866525615
1061299,0,0.07027490433845555
1061309,0,0.49494102557784414
1061372,1,0.9475060590436879
1061472,0,0.06456669500728277
1061509,0,0.2831494401243074
1061634,0,0.19393254888949435
1061692,0,0.2536890111470581
1061736,1,0.7383079178464986
1061750,0,0.23104062055408317
1061825,1,0.5275831429194704
1061889,0,0.4534798913630775
1061969,0,0.2982349534089789
1062002,1,0.9400647831613839
1062028,1,0.5928501297807554
1062037,1,0.5055173051714317
1062059,1,0.9557284706930198
1062101,0,0.10924432830113878
1062232,0,0.014923250775779207
1062310,1,0.5099880653788419
1062450,0,0.2768104536307573
1062518,1,0.8769105373641604
1062594,0,0.05347839683841883
1062722,1,0.6831554783888815
1062752,0,0.039419755487096135
1062896,1,0.6571442811084838
1062948,0,0.4969734110191828
1062954,0,0.04165505342214695
1063052,0,0.03205013862290304
1063207,0,0.1236614286217793
1063230,1,0.9620721329931408
1063256,0,0.48411788090601987
1063423,1,0.990586746562219
1063449,1,0.8063476018848972
1063469,1,0.7488389538945883
1063519,1,0.5989958197425832
1063532,0,0.013492834987829742
1063548,1,0.6064327702493758
1063764,0,0.011869653994702311
1063813,1,0.9467965580550542
1063825,0,0.27737569025189535
1063840,1,0.9956944356705162
1063881,0,0.3454789893519245
1063891,1,0.9781144559921299
1064046,1,0.8969391334880475
1064081,0,0.1625261069612315
1064181,0,0.0041688798206783945
1064230,1,0.6109009108893855
1064255,0,0.05011822862167523
1064276,0,0.07991304167332651
1064299,0,0.2591838188016389
1064357,0,0.21231637175080154
1064363,1,0.9263727391914253
1064389,0,0.148420669656286
1064518,1,0.7179677264205998
1064581,0,0.03316782573453733
1064600,0,0.036254979154680164
1064603,1,0.9601313276373694
1064673,0,0.31111221170270964
1064675,1,0.9885801059827104
1064715,1,0.991582450606458
1064833,1,0.8635706212563574
1064872,1,0.9874790447446246
1065018,0,0.4724639797232362
1065074,0,0.03235669674638397
1065084,0,0.004821172107945137
1065118,0,0.20398638622522447
1065131,1,0.9824027064806228
1065200,1,0.9998788643725635
1065223,0,0.20021701617613255
1065247,0,0.048478314271332666
1065262,0,0.06196072304887146
1065382,1,0.7354120308133975
1065404,0,0.05146179452217533
1065449,1,0.5581133778253247
1065524,0,0.45237427232870986
1065614,1,0.6832689649989678
1065683,0,0.0014757012866877027
1065716,1,0.7254575005689818
1065731,1,0.9098199847269984
1065838,1,0.5884556901500828
1065933,0,0.12724705229189115
1065980,1,0.5571035636204916
1065981,0,0.04892813014927226
1066056,0,0.1393281896211088
1066097,1,0.586614059454786
1066156,0,0.0008668643209155287
1066169,1,0.8103884308105017
1066253,1,0.9686869650518384
1066264,1,0.8397651721905433
1066265,0,0.35762217426722426
1066377,1,0.9954241862670521
1066467,1,0.8563062926608396
1066479,1,0.7122075783849108
1066516,0,0.4423777393388269
1066592,1,0.6443127273354435
1066596,0,0.07708812432560289
1066660,1,0.5612391625032439
1066676,1,0.9703921895172097
1066682,1,0.7940855589722662
1066746,0,0.01026396490168139
1066785,0,0.41007829913519833
1066789,1,0.7479733404512747
1066832,0,0.3169864340432872
1066854,1,0.8427808400839956
1067160,0,0.07363072578636762
1067221,1,0.6556555153929025
1067230,1,0.5639098509231663
1067295,1,0.9817504277053423
1067310,0,0.012904941290898562
1067338,0,0.20946566356687177
1067349,0,0.03591139342048527
1067355,0,0.051171811818339435
1067382,1,0.8390212026591869
1067390,0,0.00265165194483348
1067414,1,0.7522745397270559
1067422,1,0.9302259260644384
1067522,0,0.22269666005713545
1067530,0,0.032027443396280976
1067570,0,0.4008108678061085
1067631,0,0.0024640852983521594
1067688,0,0.0026909876367522604
1067699,0,0.014781014536074541
1067768,1,0.7221054574957348
1067791,1,0.5410548250168202
1068064,0,0.22876720978070791
1068122,0,0.019123758684337733
1068171,1,0.996546768586405
1068254,1,0.9486378792055905
1068384,0,0.10933101650179616
1068418,1,0.9001710946211442
1068422,0,0.28384737283923794
1068454,1,0.5124729990033374
1068464,1,0.9111492281222849
1068473,1,0.9567248722034127
1068567,0,0.1667846179893408
1068570,1,0.6599310052469334
1068596,1,0.6726720789721512
1068612,1,0.913658076180176
1068644,1,0.9972401732380222
1068679,1,0.991014621229954
1068684,0,0.050721129570103905
1068692,1,0.7855401731546896
1068805,0,0.24120957893095996
1068816,1,0.9956105792592589
1068922,0,0.01892374185372002
1068987,0,0.06241096477936201
1069152,0,0.0641640595447851
1069192,1,0.9447707720875651
1069266,1,0.9417420197404208
1069282,0,0.00608041116079813
1069285,1,0.5147920112692363
1069380,1,0.5977022548633799
1069388,1,0.7131686191892886
1069466,1,0.9962103059581143
1069517,1,0.9940022867327849
1069534,1,0.9859302013278781
1069551,1,0.980664517287751
1069681,1,0.9317936710184372
1069752,0,0.01617060193284586
1069763,0,0.0025124593258951567
1069787,1,0.9759144808787579
1069791,1,0.5168158701995801
1069792,1,0.8365566973987223
1069812,1,0.5859952488947726
1069841,0,0.006456867810428126
1069843,1,0.974766690452024
1070088,1,0.8461035997828852
1070106,1,0.9918584156453658
1070314,0,0.4738373826693238
1070412,1,0.519934604152785
1070562,0,0.46002241627860946
1070621,1,0.882095918251611
1070630,0,0.4992412260090331
1070664,1,0.6407616260266473
1070735,0,0.04000956944289615
1070931,0,0.0789609863467209
1070942,0,0.3179732156085302
1071022,0,0.2775038198135313
1071025,1,0.6826793869328904
1071031,1,0.9829653749477817
1071139,0,0.2164866586606892
1071251,0,0.06917643318402049
1071409,1,0.6534496167850803
1071451,0,0.013451557786511052
1071453,1,0.6447674103715846
1071461,1,0.8220614768992448
1071541,0,0.002243169564602558
1071547,0,0.017141460717388975
1071565,1,0.9904671872764699
1071639,1,0.9982887211417878
1071720,1,0.5963327048050673
1071723,1,0.9967553600454424
1071759,0,0.28323685766633044
1071780,0,0.20083587894603308
1071947,1,0.8329083400748871
1072079,0,0.4887085215083787
1072177,0,0.27324906237412544
1072196,0,0.24396004665716395
1072236,0,0.00783105118794255
1072362,0,0.19772751757384172
1072363,1,0.9834219757699139
1072421,1,0.8711843975167128
1072563,0,0.15326953364389656
1072615,0,0.24981880733691034
1072640,0,0.0037290088121972953
1072690,1,0.9941601947250435
1072724,0,0.11739326769110373
1072730,0,0.127638672071171
1072896,0,0.10622892930630759
1072922,0,0.07632649757153216
1072968,0,0.3274421889467536
1073081,1,0.859437781090299
1073156,0,0.0126747496770616
1073157,1,0.9195863415633712
1073282,0,0.24327838746540553
1073447,0,0.1077226217161296
1073591,1,0.5788571301491999
1073643,0,0.14094163610183433
1073673,0,0.42876448669310846
1073677,0,0.40103185947030134
1073853,0,0.03538845938378716
1073900,1,0.9051916008023184
1073979,0,0.0505697822237738
1074174,0,0.011093717535645035
1074314,1,0.9996133631192732
1074344,0,0.027233787900846494
1074456,0,0.11106567531763678
1074501,0,0.0026705647147087256
1074552,0,0.07064363488966188
1074583,0,0.39097411096563184
1074663,0,0.04830488430979751
1074857,0,0.19866025769476728
1074971,0,0.0012154320193858302
1075041,1,0.8167124499183978
1075063,1,0.9341751042266059
1075065,0,0.004310536558626489
1075091,1,0.9608552894830854
1075228,0,0.048240585035385274
1075364,0,0.3683364149429774
1075412,0,0.4785310443621108
1075512,1,0.9680506729761774
1075615,0,0.02186146686025145
1075634,0,0.3965979096107384
1075658,1,0.9671392418477335
1075708,0,0.0015672935771203081
1075739,1,0.7629095497824144
1075755,1,0.5804127223334657
1075893,0,0.3437844224688887
1075905,0,0.007552841618034962
1075960,1,0.5273317848800405
1075968,0,0.4976023587888323
1075998,0,0.005388113317858761
1076022,1,0.9793668000398297
1076031,0,0.0013905053210018128
1076145,0,0.006965632721428753
1076232,0,0.0062643263748202
1076248,1,0.9195430847753339
1076249,1,0.9993733104327855
1076283,1,0.9789883866498603
1076325,0,0.057679588014735564
1076360,0,0.0007341944596797488
1076419,1,0.5389126791661529
1076557,1,0.8529093296568911
1076656,1,0.9969164669438639
1076716,0,0.009468123159555976
1076746,1,0.9033032839835519
1076750,1,0.5741601594866419
1076764,0,0.29758855754232827
1076879,0,0.38391355483674794
1076932,1,0.5722902884096738
1077004,1,0.666049571895603
1077032,0,0.009211599635977749
1077111,1,0.5519119942075886
1077131,1,0.9849881406447796
1077168,1,0.9819580711923238
1077217,0,0.06366285304951276
1077264,0,0.38504682900332765
1077461,1,0.9956212153962917
1077466,0,0.3048771677557001
1077553,1,0.9788927983471056
1077599,0,0.009394588709551933
1077728,0,0.04816066956109136
1077814,0,0.05515836436740455
1077847,0,0.013064054296051994
1077983,1,0.8390355095035452
1078250,0,0.03208820627509056
1078260,1,0.9883975261501388
1078300,1,0.5476363660453456
1078315,0,0.0038433356568609335
1078411,0,0.28145748140075844
1078439,0,0.3870321984356674
1078441,0,0.010848527173550816
1078525,0,0.0014184732274219172
1078539,1,0.9245723167410896
1078637,0,0.03192233569452557
1078693,0,0.3745738606682638
1078731,0,0.24000422517160733
1078835,1,0.8715127712408837
1078911,1,0.5020842316502453
1078985,1,0.9342977289060898
1079119,0,0.017051077599448784
1079154,1,0.8342691172507047
1079338,1,0.7831605678545246
1079366,0,0.01132671408992202
1079414,0,0.44187414621315807
1079469,0,0.02507571784730079
1079470,0,0.045041075115456304
1079472,1,0.9761887389980712
1079523,0,0.15139568389934785
1079728,0,0.025564926872641957
1079765,1,0.9487923298183635
1079918,1,0.6362288935645558
1079938,1,0.8889454129523868
1080106,0,0.47613129096884965
1080118,0,0.024389818758806303
1080149,1,0.9293962110802992
1080187,0,0.4802315458218507
1080404,0,0.0512852983124363
1080560,0,0.003506581644072418
1080577,1,0.6393580217623193
1080698,0,0.3938608863893278
1080761,0,0.018569446197833468
1080804,0,0.21048968589497233
1080878,1,0.6747649589108834
1081055,0,0.026302298545090107
1081190,1,0.722297198721735
1081195,0,0.2529455490730094
1081257,0,0.06782939896634727
1081398,0,0.04971081534942768
1081498,1,0.8923634682731264
1081533,0,0.005861955918036346
1081554,0,0.012195627674155616
1081575,1,0.580450901777618
1081583,0,0.18672427392200908
1081617,0,0.0532908570147889
1081998,1,0.9735990940646526
1082003,1,0.9087107197611868
1082015,0,0.0020274117839075762
1082286,1,0.8201460324552902
1082307,0,0.01688994329329959
1082423,1,0.5756934495550599
1082439,0,0.009597884372395738
1082452,0,0.20593084490574748
1082472,1,0.5652686430745669
1082474,1,0.7078741338448776
1082514,1,0.8541020921884859
1082518,0,0.002307421112308849
1082535,0,0.07614963444086882
1082584,0,0.010388632334534128
1082618,1,0.9668885449707205
1082720,0,0.0016783266113865121
1082725,0,0.013320515370878012
1082782,0,0.008240877859149513
1082816,1,0.9572750135354
1082839,1,0.9454584729424768
1082850,1,0.7024713399465545
1082987,1,0.9993638752175632
1083050,0,0.0004015425232273975
1083068,1,0.9867845375576179
1083167,0,0.0026868130378064695
1083224,0,0.12350557173256685
1083303,1,0.7572802380045445
1083372,0,0.0060177435651902434
1083393,0,0.019049920203622554
1083403,0,0.07722495141241256
1083442,1,0.9970839683331931
1083502,1,0.8134893824370947
1083514,1,0.9828183598708686
1083543,0,0.03739663077959473
1083677,1,0.7854092246268538
1083706,1,0.8369554763805445
1083847,0,0.016109987331415217
1083971,0,0.45831020759954566
1084213,1,0.701628218945904
1084245,0,0.18524038057201242
1084252,0,0.00382034888580496
1084287,0,0.012232485862465716
1084320,0,0.004460165134287907
1084383,0,0.4754251158743801
1084388,1,0.9273490675859604
1084613,0,0.2314239798487497
1084620,0,0.1670694626854198
1084646,0,0.263042964063303
1084723,1,0.7046590509735173
1084735,0,0.07834085256143036
1084736,0,0.00379996208407402
1084793,1,0.92981148898521
1084977,1,0.7444842130099918
1084991,0,0.1080163510229252
1085041,0,0.3623873437702621
1085095,0,0.02381467072511034
1085183,1,0.9110657520387041
1085270,0,0.0455874135265162
1085276,1,0.9310205665123992
1085295,1,0.9325604694216048
1085350,1,0.9292888100885287
1085363,1,0.8597739146442746
1085495,0,0.06751699521126545
1085554,0,0.001955960380077085
1085636,1,0.9955448949621213
1085725,0,0.3203178153834247
1085758,0,0.019349265496687144
1085805,0,0.08025407482328945
1085882,1,0.8931161640728527
1085925,1,0.9989729798480012
1085930,1,0.9933649204713371
1086016,1,0.6251088042348958
1086088,0,0.15096221576479693
1086127,0,0.2977532397126822
1086149,0,0.0010351615379167376
1086242,0,0.012295924980450049
1086251,0,0.0006792442612907325
1086253,0,0.06211222504311103
1086271,0,0.05139422680327572
1086312,0,0.2699576741722102
1086352,0,0.001536026587560063
1086436,0,0.07621561306184597
1086515,0,0.031723222309235126
1086520,1,0.944587738751211
1086522,0,0.017549782156159884
1086611,0,0.0875634673427142
1086612,1,0.9180006666882244
1086660,1,0.9766182557836698
1086753,0,0.025379343325994935
1086819,0,0.006951370668527889
1086833,1,0.742994408388822
1086843,0,0.036271982306571735
1086955,0,0.039865962428413476
1087080,0,0.009456063935027232
1087111,1,0.9456718917615269
1087230,0,0.0003504273103915851
1087243,0,0.22552695398753952
1087293,1,0.8124876292221165
1087360,1,0.7177159732938674
1087421,0,0.007891836361719126
1087429,0,0.2799339385051627
1087480,0,0.02266664670698713
1087503,0,0.04323481109425933
1087532,0,0.0003374238095545699
1087567,0,0.010227555161192153
1087573,1,0.8389585818395053
1087829,1,0.9852886748993309
1087872,0,0.08556529129556997
1087879,0,0.0357151321093656
1087960,0,0.15795648431486378
1087970,1,0.837796296962945
1088008,1,0.9870290067955282
1088158,1,0.9970926410543128
1088195,0,0.00622343679297581
1088253,1,0.6459470260334613
1088286,1,0.6437792332275235
1088376,0,0.0030648213849931477
1088404,0,0.0008332484928593002
1088442,0,0.2528218054048462
1088507,0,0.013864705239659561
1088557,1,0.7832250276204933
1088566,0,0.137960907658972
1088664,1,0.9733709409228689
1088682,0,0.014778226589687946
1088710,1,0.8986256066772538
1088811,1,0.8412042661799208
1088851,0,0.017803346848742414
1088881,0,0.09181843386359902
1088912,1,0.9394728078277534
1088974,0,0.0014712372993222534
1088975,0,0.07806988867878084
1088977,0,0.06269616762470824
1089004,1,0.6577732200501303
1089041,1,0.974689176825638
1089149,0,0.0602716493904714
1089172,0,0.003364274957600042
1089286,0,0.41407465976044483
1089336,0,0.1428450610879657
1089582,0,0.015378622611804034
1089653,0,0.08567035621342657
1089705,0,0.008871197829028572
1089752,0,0.0906754110719611
1089781,0,0.050969785350913975
1089833,0,0.0038699385902051047
1089881,0,0.0006861457903367815
1089902,0,0.016220355292244876
1089946,1,0.85756113190778
